epoch,train_D,train_G,val_MSE,lr
1,0.218986,0.064900,0.018860,5.000000e-04
2,0.284601,0.017922,0.014720,5.000000e-04
3,0.332323,0.015125,0.013242,5.000000e-04
4,0.361856,0.014103,0.013217,5.000000e-04
5,0.383347,0.013333,0.012480,5.000000e-04
6,0.398230,0.012761,0.011943,5.000000e-04
7,0.409581,0.012329,0.012166,5.000000e-04
8,0.419066,0.012049,0.012275,5.000000e-04
